Find Borrowing by id,2024-04-12 13:16:20
Person find by id ,2024-04-12 13:29:01
Person find all ,2024-04-12 13:44:08
Person created ,2024-04-12 14:01:20
Person updated ,2024-04-12 14:02:21
Person deleted ,2024-04-12 14:02:55
Person find by id ,2024-04-12 14:04:29
Person find by id ,2024-04-12 14:06:31
Person find all ,2024-04-12 14:06:40
Membership find by id ,2024-04-12 14:06:59
Membership find by id ,2024-04-12 14:07:09
Membership find all ,2024-04-12 14:07:19
Person find by id ,2024-04-12 14:09:20
Library find by id ,2024-04-12 14:09:20
Membership created ,2024-04-12 14:09:20
Person find by id ,2024-04-12 14:11:38
Library find by id ,2024-04-12 14:11:38
Person find by id ,2024-04-12 14:11:57
Library find by id ,2024-04-12 14:11:57
Membership created ,2024-04-12 14:11:57
Membership updated ,2024-04-12 14:13:16
Membership deleted ,2024-04-12 14:13:42
Membership find by id ,2024-04-12 14:15:27
Membership find by id ,2024-04-12 15:27:47
Membership find by id ,2024-04-12 15:32:08
Membership find by id ,2024-04-12 15:33:11
Membership find by id ,2024-04-12 15:33:35
Membership find by id ,2024-04-12 15:34:22
Membership find by id ,2024-04-12 15:37:00
Borrowing find all ,2024-04-12 15:37:01
Membership find by id ,2024-04-12 15:37:37
Borrowing find all ,2024-04-12 15:37:38
Membership find by id ,2024-04-12 15:38:23
Borrowing find all ,2024-04-12 15:38:24
Membership find by id ,2024-04-12 15:39:06
Borrowing find all ,2024-04-12 15:39:07
Membership find by id ,2024-04-12 15:39:41
Borrowing find all ,2024-04-12 15:39:42
Membership find by id ,2024-04-12 15:40:11
Borrowing find all ,2024-04-12 15:40:12
Membership find by id ,2024-04-12 15:40:52
Borrowing find all ,2024-04-12 15:40:53
Membership find by id ,2024-04-12 15:43:53
Borrowing find all ,2024-04-12 15:43:54
Membership find by id ,2024-04-12 15:44:18
Borrowing find all ,2024-04-12 15:44:18
Borrowing created ,2024-04-12 15:44:18
Membership find by id ,2024-04-12 15:44:52
Borrowing find all ,2024-04-12 15:44:57
Membership find by id ,2024-04-12 15:45:08
Borrowing find all ,2024-04-12 15:45:09
Membership find by id ,2024-04-12 15:45:34
Borrowing find all ,2024-04-12 15:45:35
Membership find by id ,2024-04-12 15:45:56
Borrowing find all ,2024-04-12 15:45:57
Membership find by id ,2024-04-12 15:46:23
Borrowing find all ,2024-04-12 15:46:23
Borrowing created ,2024-04-12 15:46:23
Membership find by id ,2024-04-12 15:46:48
Membership find by id ,2024-04-12 15:48:02
Membership find by id ,2024-04-12 15:48:37
Membership find by id ,2024-04-12 15:48:51
Borrowing find all ,2024-04-12 15:51:32
Borrowing deleted ,2024-04-12 15:51:32
Borrowing find all ,2024-04-12 15:51:48
Borrowing find all ,2024-04-12 15:53:42
Borrowing updated ,2024-04-12 15:53:42
Borrowing find all ,2024-04-12 15:54:11
Borrowing find all ,2024-04-12 16:00:40
Library created ,2024-04-12 16:05:34
Library updated ,2024-04-12 16:08:15
Library find by id ,2024-04-12 16:09:37
Library find all ,2024-04-12 16:09:49
Library find by id ,2024-04-12 16:09:59
Librarian created ,2024-04-12 16:16:15
Librarian updated ,2024-04-12 16:18:06
Librarian find by id ,2024-04-12 16:18:35
Librarian find by id ,2024-04-12 16:18:56
Librarian find all ,2024-04-12 16:19:32
Librarian deleted ,2024-04-12 16:20:09
Librarian created ,2024-04-12 16:22:57
Borrowing created ,2024-04-12 16:31:20
Borrowing updated ,2024-04-12 16:37:46
Borrowing find by id ,2024-04-12 16:38:48
Borrowing updated ,2024-04-12 16:49:01
Borrowing find by id ,2024-04-12 16:49:15
Borrowing find by id ,2024-04-12 16:50:06
Borrowing find all ,2024-04-12 16:50:11
Borrowing deleted ,2024-04-12 16:50:26
Library find by id ,2024-04-12 17:00:14
Library find by id ,2024-04-12 17:00:35
Library find by id ,2024-04-12 17:01:16
Library find by id ,2024-04-12 17:01:42
Library find by id ,2024-04-12 17:02:03
Librarian created ,2024-04-12 17:02:03
Borrowing find all ,2024-04-12 17:33:02
Borrowing find all ,2024-04-12 17:33:07
Membership find by id ,2024-04-12 17:41:09
Borrowing find all ,2024-04-12 17:41:16
Borrowing find all ,2024-04-12 17:42:00
Borrowing updated ,2024-04-12 17:42:00
Library find by id ,2024-05-16 18:18:28
Library find all ,2024-05-16 18:18:37
Library find all ,2024-05-16 18:18:53
Library find all ,2024-05-16 18:27:06
Library find all ,2024-05-19 13:16:58
